Domain,Cause,Effect,Context
Eco&fin,Central bank raises interest rates,Consumer borrowing decreases,Consumer borrowing decreases when the central bank raises interest rates because loans become more expensive.
Eco&fin,Introduction of algorithmic trading strategies,Increased volatility in financial markets,Financial markets often swing more sharply after trading firms introduce algorithmic trading strategies because rapid automated orders amplify price moves.
Eco&fin,Tightening regulations on cryptocurrency exchanges,Reduced market liquidity,Market liquidity falls when regulators tighten rules on cryptocurrency exchanges since stricter compliance discourages active trading.
Eco&fin,Increased international trade tariffs,Reduction in import-dependent industries' profitability,Import‑dependent industries earn less profit when international trade tariffs rise because their input costs climb.
Eco&fin,"Rise in ESG (Environmental, Social, Governance) investing standards",Growth in sustainable investment funds,Sustainable investment funds expand as ESG standards rise because investors prefer responsible portfolios.
Eco&fin,Implementation of remote work policies,Reduced corporate real estate expenditures,Companies spend less on offices after they introduce remote work policies because fewer staff need desks.
Eco&fin,Enhanced data privacy legislation,Increased compliance costs for businesses,Compliance costs rise for businesses when data privacy legislation is enhanced because they must update systems.
Eco&fin,Adoption of central bank digital currencies (CBDCs),Decline in traditional cash usage,Traditional cash usage drops as central banks issue digital currencies making electronic payments routine.
Eco&fin,Escalation of geopolitical tensions,Increased prices of commodities such as oil,Commodity prices like oil rise when geopolitical tensions escalate because traders fear supply shocks.
Eco&fin,Rising inflation rates,Decrease in consumer purchasing power,Consumer purchasing power falls as inflation rises because prices outpace wages.
Eco&fin,Expansion of financial literacy education,Increased household savings rates,Household saving rates increase when people receive financial literacy education because they learn to plan budgets.
Eco&fin,Growth of fintech lending platforms,Improved access to credit for small businesses,Small businesses get better credit access when fintech lending platforms grow because online lenders use alternative data.
Eco&fin,Sudden bankruptcy of major banks,Decline in investor confidence,Investor confidence declines if a major bank suddenly collapses because contagion worries spread.
Eco&fin,Increased automation in financial auditing,Reduction in accounting errors,Accounting errors drop when firms automate financial audits because software checks figures consistently.
Eco&fin,Reduction in government subsidies for renewable energy,Decreased private investment in solar power projects,Investment in solar projects falls when governments cut renewable energy subsidies because returns diminish.
Eco&fin,Surge in remote banking services,Decline in physical bank branch numbers,Bank branches close more often as remote banking services surge because clients transact online.
Eco&fin,Implementation of carbon taxes,Increased operational costs for heavy industries,Heavy industries face higher operating costs after carbon taxes are implemented because emissions incur fees.
Eco&fin,Adoption of AI‑driven credit scoring,Increased accuracy in loan approvals,Loan approval accuracy improves when lenders adopt AI‑driven credit scoring because models analyze rich data.
Eco&fin,Supply chain disruptions due to pandemics,Inflationary pressures on consumer goods,Pandemic‑related supply chain disruptions drive up consumer goods prices causing inflationary pressure.
Eco&fin,Expanded use of blockchain in supply chain finance,Improved transparency in transactions,Transaction transparency grows in supply chain finance when blockchain is adopted because every step is recorded.
Eco&fin,Rise in housing market speculation,Increased risk of property price bubbles,Property price bubbles become likelier when housing speculation rises because rapid buying inflates values.
Eco&fin,Reduction of foreign direct investment due to economic sanctions,Slowed economic growth,Economic growth slows when foreign direct investment falls due to sanctions because capital inflows shrink.
Eco&fin,Increased corporate mergers and acquisitions,Reduction in market competition,Market competition diminishes as mergers and acquisitions increase because big firms absorb rivals.
Eco&fin,Strengthened anti‑money laundering policies,Increased administrative overhead for banks,Administrative overhead rises for banks when anti‑money‑laundering policies are strengthened because screening processes expand.
Eco&fin,Shift towards digital payment systems,Reduced circulation of physical currency,Physical currency circulates less as people shift to digital payments because electronic methods are easier.
,,,
Env&clim,Increased frequency of forest fires,Reduction in biodiversity,"The increased frequency of forest fires destroyed many habitats, so biodiversity declined."
Env&clim,Expansion of urban areas,Loss of wetlands,"As urban areas expanded, many wetlands were drained and lost to make room for buildings."
Env&clim,Rapid ocean acidification,Decreased coral reef resilience,"Rapid ocean acidification weakened coral skeletons, so coral reefs became less resilient to stress."
Env&clim,Adoption of regenerative agriculture practices,Increased soil carbon sequestration,"By adopting regenerative agriculture practices, farmers improved soil health and increased carbon sequestration in soils."
Env&clim,Extensive deforestation in tropical regions,Reduction in regional rainfall,"Extensive deforestation in tropical regions reduced evapotranspiration, leading to lower regional rainfall."
Env&clim,Increased microplastic pollution,Decline in marine life populations,"As microplastic pollution increased, marine life ingested plastics and populations began to decline."
Env&clim,Widespread drought conditions,Reduced agricultural productivity,"Widespread drought conditions dried out crops and soils, so agricultural productivity fell."
Env&clim,Intensified hurricane activity,Increased coastal infrastructure damage,"Intensified hurricane activity brought stronger winds and storm surges, causing more damage to coastal infrastructure."
Env&clim,Melting permafrost in polar regions,Increased methane release,"Melting permafrost in polar regions released trapped methane into the atmosphere, increasing greenhouse gas emissions."
Env&clim,Implementation of plastic bag bans,Reduction in plastic waste,"Since plastic bag bans were implemented, plastic waste in landfills and waterways has decreased."
Env&clim,Adoption of electric vehicles,Reduction in urban air pollution,"As more people adopted electric vehicles, harmful exhaust emissions fell and urban air pollution decreased."
Env&clim,Rising global average temperatures,Increased frequency of heatwaves,Rising global average temperatures made heatwaves more frequent and severe.
Env&clim,Extensive fertilizer runoff,Increased eutrophication in aquatic ecosystems,"Extensive fertilizer runoff released excess nutrients into water bodies, increasing eutrophication and algae blooms."
Env&clim,Enhanced public transportation infrastructure,Reduced urban greenhouse gas emissions,"Enhanced public transportation infrastructure encouraged people to use buses and trains, reducing urban greenhouse gas emissions."
Env&clim,Rapid glacial retreat in mountainous regions,Reduced freshwater availability,"Rapid glacial retreat in mountainous regions lowered glacier meltwater, reducing freshwater availability for communities downstream."
Env&clim,Expansion of offshore wind farms,Increased renewable energy production,"The expansion of offshore wind farms added more turbines at sea, increasing renewable energy production."
Env&clim,Increased urban heat islands due to construction,Elevated energy consumption for cooling,"Increased urban heat islands from new construction raised temperatures, so buildings used more energy for cooling."
Env&clim,Development of large-scale solar farms,Habitat disruption for wildlife,"The development of large-scale solar farms cleared land and disrupted habitats, affecting local wildlife."
Env&clim,Severe soil erosion due to intensive agriculture,Reduced land productivity,"Severe soil erosion from intensive agriculture washed away topsoil, reducing the land’s productivity."
Env&clim,Adoption of stringent emissions regulations,Reduction in industrial pollution,"With the adoption of stringent emissions regulations, industries cut pollutant outputs and industrial pollution fell."
Env&clim,Increased desalination plant operations,Increased brine discharge impacting marine ecosystems,"As desalination plant operations increased, the higher brine discharge harmed marine ecosystems near the outflow sites."
Env&clim,Increased prevalence of invasive species due to global trade,Loss of native species,"Global trade brought in invasive species that outcompeted locals, causing losses of native species."
Env&clim,Expansion of protected marine reserves,Recovery of fish populations,"The expansion of protected marine reserves gave fish safe areas to breed and recover, boosting their populations."
Env&clim,Implementation of urban tree planting programs,Mitigation of urban air pollution,"Urban tree planting programs added more trees to city streets, which helped filter pollutants and mitigate air pollution."
Env&clim,Rapid melting of Antarctic ice shelves,Acceleration of global sea-level rise,"The rapid melting of Antarctic ice shelves added more water to the ocean, accelerating global sea-level rise."
,,,
Tech&cs,Adoption of quantum computing algorithms,Enhanced computational speeds for cryptographic analysis,Adoption of quantum computing algorithms lets systems perform cryptographic analysis at much faster speeds.
Tech&cs,Increased use of machine learning in healthcare diagnostics,Improved accuracy in disease detection,Healthcare providers use more machine learning in diagnostics so disease detection becomes more accurate.
Tech&cs,Widespread adoption of IoT (Internet of Things) devices,Increased vulnerability to cyberattacks,The widespread adoption of IoT (Internet of Things) devices increases vulnerability to cyberattacks.
Tech&cs,Growth in remote work technology adoption,Increased demand for cybersecurity solutions,Growth in remote work technology adoption drives higher demand for cybersecurity solutions.
Tech&cs,Development of 5G infrastructure,Reduced latency in wireless communication,Development of 5G infrastructure reduces latency in wireless communication.
Tech&cs,Increased application of facial recognition technologies,Heightened privacy concerns,Increased application of facial recognition technologies raises privacy concerns among users.
Tech&cs,Implementation of edge computing,Reduced data transmission latency,Implementation of edge computing reduces data transmission latency by processing data closer to end devices.
Tech&cs,Rise in autonomous vehicle technology adoption,Reduction in traffic accidents,The rise in autonomous vehicle technology adoption leads to a reduction in traffic accidents.
Tech&cs,Expanded use of augmented reality (AR) in retail,Enhanced customer engagement,Expanded use of augmented reality (AR) in retail enhances customer engagement through interactive experiences.
Tech&cs,Adoption of generative AI models,Increased productivity in content creation,Adoption of generative AI models increases productivity in content creation by automating routine writing tasks.
Tech&cs,Increased use of blockchain in supply chain management,Improved tracking of goods,Increased use of blockchain in supply chain management improves tracking of goods at each step of delivery.
Tech&cs,Development of neuromorphic computing chips,Increased efficiency in artificial intelligence processing,Development of neuromorphic computing chips increases efficiency in artificial intelligence processing by mimicking neural networks.
Tech&cs,Expansion of satellite-based internet services,Improved connectivity in rural areas,Expansion of satellite-based internet services improves connectivity in rural areas that lack traditional networks.
Tech&cs,Widespread deployment of biometric authentication,Increased user account security,Widespread deployment of biometric authentication increases user account security with unique physical identifiers.
Tech&cs,Enhanced predictive analytics capabilities,Improved supply chain resilience,Enhanced predictive analytics capabilities improve supply chain resilience by forecasting demand and risks.
Tech&cs,Implementation of cloud-based data storage,Increased scalability for businesses,Implementation of cloud-based data storage gives businesses increased scalability for handling data growth.
Tech&cs,Increased regulatory scrutiny on social media algorithms,Enhanced transparency in content moderation,Increased regulatory scrutiny on social media algorithms enhances transparency in content moderation across platforms.
Tech&cs,Adoption of software-defined networking (SDN),Increased flexibility in network management,Adoption of software-defined networking (SDN) provides increased flexibility in network management.
Tech&cs,Expansion of data center infrastructure,Increased energy consumption,Expansion of data center infrastructure increases energy consumption as more servers run continuously.
Tech&cs,Adoption of autonomous drones for deliveries,Reduction in human-operated vehicle use,Adoption of autonomous drones for deliveries reduces the need for human-operated vehicles.
Tech&cs,Increased reliance on telemedicine,Improved access to healthcare services,Increased reliance on telemedicine improves access to healthcare services for patients in remote locations.
Tech&cs,Widespread use of open-source software,Accelerated innovation in technology communities,Widespread use of open-source software accelerates innovation in technology communities through shared development.
Tech&cs,Enhanced GPU computational capabilities,Improved performance in AI training tasks,Enhanced GPU computational capabilities improve performance in AI training tasks by speeding up parallel processing.
Tech&cs,Increased application of digital twins in manufacturing,Optimized operational efficiency,Increased application of digital twins in manufacturing optimizes operational efficiency by providing real-time system models.
Tech&cs,Enhanced encryption standards for mobile devices,Strengthened personal data protection,Enhanced encryption standards for mobile devices strengthen personal data protection against unauthorized access.