"id","cause","effect","raw_response"
"row0","central bank raises interest rates","consumer borrowing decreases","<think>\n{""""cause"""": """"central bank raises interest rates"""", """"effect"""": """"consumer borrowing decreases""""}"
"row1","the introduction of algorithmic trading strategies","increased volatility in financial markets","<think>\n{""""cause"""": """"the introduction of algorithmic trading strategies"""", """"effect"""": """"increased volatility in financial markets""""}"
"row2","tightening regulations on cryptocurrency exchanges","reduced market liquidity","<think>\n[\n{\n  """"cause"""": """"tightening regulations on cryptocurrency exchanges"""",\n  """"effect"""": """"reduced market liquidity""""\n}\n]"
"row3","increased international trade tariffs and the broader economic environment","reduction in import-dependent industries' profitability","<think>\n{""""cause"""": """"increased international trade tariffs and the broader economic environment"""", """"effect"""": """"reduction in import-dependent industries' profitability""""}"
"row4","growth in sustainable investment funds","rise in ESG investing standards","<think>\n[\n  {\n    """"cause"""": """"growth in sustainable investment funds"""",\n    """"effect"""": """"rise in ESG investing standards""""\n  }\n]"
"row5","remote work policies were widely adopted","reduced corporate real estate expenditures","<think>\n{""""cause"""": """"remote work policies were widely adopted"""", """"effect"""": """"reduced corporate real estate expenditures""""}"
"row6","enhanced data privacy legislation","increase in compliance costs for businesses","<think>\n{""""cause"""": """"enhanced data privacy legislation"""", """"effect"""": """"increase in compliance costs for businesses""""}"
"row7","adoption of central bank digital currencies (CBDCs) occurred alongside broader financial trends","changes in cash usage, which notably declined during the same period","<think>\n{""""cause"""": """"adoption of central bank digital currencies (CBDCs) occurred alongside broader financial trends"""", """"effect"""": """"changes in cash usage, which notably declined during the same period""""}"
"row8","escalation of geopolitical tensions","Increased prices of commodities such while oil","<think>\n{""""cause"""": """"escalation of geopolitical tensions"""", """"effect"""": """"Increased prices of commodities such while oil""""}"
"row9","rising inflation rates","decreased consumer purchasing power","<think>\n{""""cause"""": """"rising inflation rates"""", """"effect"""": """"decreased consumer purchasing power""""}"
"row10","the growing focus on financial knowledge","increased household savings rates","<think>\n{""""cause"""": """"the growing focus on financial knowledge"""", """"effect"""": """"increased household savings rates""""}"
"row11","the rise of fintech lending platforms","improved access to credit for small businesses","<think>\n{""""cause"""": """"the rise of fintech lending platforms"""", """"effect"""": """"improved access to credit for small businesses""""}"
"row12","the sudden bankruptcy of major banks","investor confidence appeared to decline","<think>\n{""""cause"""": """"the sudden bankruptcy of major banks"""", """"effect"""": """"investor confidence appeared to decline""""}"
"row13","","","<think>\n{""""cause"""": """""""", """"effect"""": """"""""}"
"row14","reduction in government subsidies for renewable energy","decreased private investment in solar power projects","<think>\n{""""cause"""": """"reduction in government subsidies for renewable energy"""", """"effect"""": """"decreased private investment in solar power projects""""}"
"row15","the ongoing rise in remote banking services","physical bank branches saw a marked decline","<think>\n{""""cause"""": """"the ongoing rise in remote banking services"""", """"effect"""": """"physical bank branches saw a marked decline""""}"
"row16","implementation of carbon taxes","increased operational costs for heavy industries","<think>\n{""""cause"""": """"implementation of carbon taxes"""", """"effect"""": """"increased operational costs for heavy industries""""}"
"row17","the technology was linked to increased accuracy in loan approvals","the shift toward AI-driven credit scoring gained attention","<think>\n{""""cause"""": """"the technology was linked to increased accuracy in loan approvals"""", """"effect"""": """"the shift toward AI-driven credit scoring gained attention""""}"
"row18","supply chain disruptions amid pandemics","inflationary pressures on consumer goods","<think>\n{""""cause"""": """"supply chain disruptions amid pandemics"""", """"effect"""": """"inflationary pressures on consumer goods""""}"
"row19","the use of blockchain","improved transparency in transactions","<think>\n{""""cause"""": """"the use of blockchain"""", """"effect"""": """"improved transparency in transactions""""}"
"row20","rise in housing market speculation","increased risk of property price bubbles","<think>\n{""""cause"""": """"rise in housing market speculation"""", """"effect"""": """"increased risk of property price bubbles""""}"
"row21","sanctions, slowed economic growth","reduction of foreign direct investment","<think>\n{""""cause"""": """"sanctions, slowed economic growth"""", """"effect"""": """"reduction of foreign direct investment""""}"
"row22","corporate mergers and acquisitions","market competition decreased","<think>\n{""""cause"""": """"corporate mergers and acquisitions"""", """"effect"""": """"market competition decreased""""}"
"row23","strengthened regulations","increased administrative overhead","<think>\n{""""cause"""": """"strengthened regulations"""", """"effect"""": """"increased administrative overhead""""}"
"row24","the shift toward digital payment systems accelerated","Physical currency circulation naturally declined","<think>\n[\n{\n  """"cause"""": """"the shift toward digital payment systems accelerated"""",\n  """"effect"""": """"Physical currency circulation naturally declined""""\n}\n]"
"row25","","","{}"
"row26","increased frequency of forest fires in the region, an uptick in recreational land use and an unusual sequence of dry lightning storms","reduction in biodiversity","<think>\n{""""cause"""": """"increased frequency of forest fires in the region, an uptick in recreational land use and an unusual sequence of dry lightning storms"""", """"effect"""": """"reduction in biodiversity""""}"
"row27","rapid expansion of urban areas","loss of wetlands","<think>\n{""""cause"""": """"rapid expansion of urban areas"""", """"effect"""": """"loss of wetlands""""}"
"row28","rapid ocean acidification","decreased coral reef resilience","<think>\n{""""cause"""": """"rapid ocean acidification"""", """"effect"""": """"decreased coral reef resilience""""}"
"row29","adoption of regenerative agriculture practices","increased soil carbon sequestration","<think>\n{""""cause"""": """"adoption of regenerative agriculture practices"""", """"effect"""": """"increased soil carbon sequestration""""}"
"row30","extensive deforestation in tropical regions, amid concurrently shifting monsoon tracks and aerosol emissions","a reduction in regional rainfall","<think>\n{""""cause"""": """"extensive deforestation in tropical regions, amid concurrently shifting monsoon tracks and aerosol emissions"""", """"effect"""": """"a reduction in regional rainfall""""}"
"row31","increased microplastic pollution","decline in marine life populations","<think>\n{""""cause"""": """"increased microplastic pollution"""", """"effect"""": """"decline in marine life populations""""}"
"row32","widespread drought conditions","Reduced agricultural productivity","<think>\n{""""cause"""": """"widespread drought conditions"""", """"effect"""": """"Reduced agricultural productivity""""}"
"row33","seasons of intensified hurricane activity","increased coastal infrastructure damage","<think>\n{""""cause"""": """"seasons of intensified hurricane activity"""", """"effect"""": """"increased coastal infrastructure damage""""}"
"row34","melting permafrost in polar regions","increased methane release","<think>\n[\n  {\n    """"cause"""": """"melting permafrost in polar regions"""",\n    """"effect"""": """"increased methane release""""\n  }\n]"
"row35","implementation of plastic bag bans","reduction in plastic waste in areas","<think>\n{""""cause"""": """"implementation of plastic bag bans"""", """"effect"""": """"reduction in plastic waste in areas""""}"
"row36","large‑scale adoption of electric vehicles","reduction in urban air pollution on transit corridors","<think>\n[\n  {\n    """"cause"""": """"large‑scale adoption of electric vehicles"""",\n    """"effect"""": """"reduction in urban air pollution on transit corridors""""\n  },"
"row37","rising global average temperatures","increased frequency of heatwaves","<think>\n[\n  {\n    """"cause"""": """"rising global average temperatures"""",\n    """"effect"""": """"increased frequency of heatwaves""""\n  }\n]"
"row38","extensive fertilizer runoff","increased eutrophication in aquatic ecosystems","<think>\n{""""cause"""": """"extensive fertilizer runoff"""", """"effect"""": """"increased eutrophication in aquatic ecosystems""""}"
"row39","enhanced public transportation infrastructure","reduced urban greenhouse gas emissions","<think>\n[\n  {\n    """"cause"""": """"enhanced public transportation infrastructure"""",\n    """"effect"""": """"reduced urban greenhouse gas emissions""""\n  }\n]"
"row40","reduced freshwater availability during periods marked by rapid glacial retreat in mountainous regions","fluctuating irrigation quotas and tourist demand spikes","<think>\n{""""cause"""": """"reduced freshwater availability during periods marked by rapid glacial retreat in mountainous regions"""", """"effect"""": """"fluctuating irrigation quotas and tourist demand spikes""""}"
"row41","expansion of offshore wind farms reached commissioning milestones, though parallel rooftop‑solar incentives and interconnector upgrades also played roles","increased renewable energy production during","<think>\n{""""cause"""": """"expansion of offshore wind farms reached commissioning milestones, though parallel rooftop‑solar incentives and interconnector upgrades also played roles"""", """"effect"""": """"increased renewable energy production during"
"row42","increased urban heat islands amid construction","elevated energy consumption for cooling","<think>\n{""""cause"""": """"increased urban heat islands amid construction"""", """"effect"""": """"elevated energy consumption for cooling""""}"
"row43","development of large-scale solar farms","habitat disruption for wildlife","<think>\n{""""cause"""": """"development of large-scale solar farms"""", """"effect"""": """"habitat disruption for wildlife""""}"
"row44","severe soil erosion amid intensive agriculture","reduced land productivity","<think>\n{""""cause"""": """"severe soil erosion amid intensive agriculture"""", """"effect"""": """"reduced land productivity""""}"
"row45","adoption of stringent emissions regulations","reduction in industrial pollution","<think>\n{""""cause"""": """"adoption of stringent emissions regulations"""", """"effect"""": """"reduction in industrial pollution""""}"
"row46","increased desalination plant operations","increased brine discharge impacting marine ecosystems","<think>\n{""""cause"""": """"increased desalination plant operations"""", """"effect"""": """"increased brine discharge impacting marine ecosystems""""}"
"row47","increased prevalence of invasive species amid global trade","loss of native species","<think>\n{""""cause"""": """"increased prevalence of invasive species amid global trade"""", """"effect"""": """"loss of native species""""}"
"row48","expansion of protected marine reserves","recovery of fish populations","<think>\n{""""cause"""": """"expansion of protected marine reserves"""", """"effect"""": """"recovery of fish populations""""}"
"row49","implementation of urban tree planting programs","mitigation of urban air pollution along streets participating","<think>\n{""""cause"""": """"implementation of urban tree planting programs"""", """"effect"""": """"mitigation of urban air pollution along streets participating"
"row50","rapid melting of Antarctic ice shelves","acceleration of global sea‑level rise","<think>\n{""""cause"""": """"rapid melting of Antarctic ice shelves"""", """"effect"""": """"acceleration of global sea‑level rise""""}"
"row51","","","{}"
"row52","the integration of quantum techniques into practical systems remains a challenging task","cryptographic analysis has been highlighted as a potential beneficiary","<think>\n{""""cause"""": """"the integration of quantum techniques into practical systems remains a challenging task"""", """"effect"""": """"cryptographic analysis has been highlighted as a potential beneficiary""""}"
"row53","the rise of machine learning models that can detect diseases with increasing accuracy","Healthcare diagnostics are benefiting","<think>\n{""""cause"""": """"the rise of machine learning models that can detect diseases with increasing accuracy"""", """"effect"""": """"Healthcare diagnostics are benefiting""""}"
"row54","more devices are interconnected","the risk of vulnerabilities in security frameworks continues to be a significant concern for cybersecurity professionals","<think>\n{""""cause"""": """"more devices are interconnected"""", """"effect"""": """"the risk of vulnerabilities in security frameworks continues to be a significant concern for cybersecurity professionals""""}"
"row55","The shift towards remote work","a surge in the use of various collaboration technologies,","<think>\n{""""cause"""": """"The shift towards remote work"""", """"effect"""": """"a surge in the use of various collaboration technologies,"
"row56","5G infrastructure promises faster wireless speeds and more reliable connections, with particular focus on reducing latency","new use cases emerge,","<think>\n{""""cause"""": """"5G infrastructure promises faster wireless speeds and more reliable connections, with particular focus on reducing latency"""", """"effect"""": """"new use cases emerge,"
"row57","facial recognition technology finds broader application in sectors ranging from security to retail","privacy concerns are also escalating","<think>\n{""""cause"""": """"facial recognition technology finds broader application in sectors ranging from security to retail"""", """"effect"""": """"privacy concerns are also escalating""""}"
"row58","organizations seek to minimize data transmission delays","The movement towards edge computing is gaining momentum","<think>\n{""""cause"""": """"organizations seek to minimize data transmission delays"""", """"effect"""": """"The movement towards edge computing is gaining momentum""""}"
"row59","Autonomous vehicle technology is seen while a solution to reducing human error in driving","potentially lowering traffic accidents","<think>\n{""""cause"""": """"Autonomous vehicle technology is seen while a solution to reducing human error in driving"""", """"effect"""": """"potentially lowering traffic accidents""""}"
"row60","Retailers are increasingly turning to augmented reality (AR) to offer immersive shopping experiences","its potential to coincides with deeper engagement is a growing topic of interest for marketers and technologists alike","<think>\n{""""cause"""": """"Retailers are increasingly turning to augmented reality (AR) to offer immersive shopping experiences"""", """"effect"""": """"its potential to coincides with deeper engagement is a growing topic of interest for marketers and technologists alike""""}"
"row61","Generative AI tools are gaining ground in content creation, enabling faster production of diverse types of media","concerns about creativity and automation in the arts continue to coincides with discussions in both technological and creative communities","<think>\n{""""cause"""": """"Generative AI tools are gaining ground in content creation, enabling faster production of diverse types of media"""", """"effect"""": """"concerns about creativity and automation in the arts continue to coincides with discussions in both technological and creative communities""""}"
"row62","Blockchain technology is being increasingly applied to enhance transparency in supply chains, allowing for better tracking of goods","The effectiveness of blockchain solutions in addressing issues of inefficiency and fraud remains a key area of interest for logistics experts","<think>\n{""""cause"""": """"Blockchain technology is being increasingly applied to enhance transparency in supply chains, allowing for better tracking of goods"""", """"effect"""": """"The effectiveness of blockchain solutions in addressing issues of inefficiency and fraud remains a key area of interest for logistics experts""""}"
"row63","the promise of these chips is considerable","their real-world applications and scalability in complex AI systems are still under exploration","<think>\n{""""cause"""": """"the promise of these chips is considerable"""", """"effect"""": """"their real-world applications and scalability in complex AI systems are still under exploration""""}"
"row64","logistical and cost challenges","hamper widespread adoption","<think>\n{""""cause"""": """"logistical and cost challenges"""", """"effect"""": """"hamper widespread adoption""""}"
"row65","Biometric authentication systems are being implemented across various sectors to increase security and streamline user experiences","concerns about data privacy and the long-term implications of biometric data usage are emerging while significant discussion points","<think>\n[\n    {\n        """"cause"""": """"Biometric authentication systems are being implemented across various sectors to increase security and streamline user experiences"""",\n        """"effect"""": """"concerns about data privacy and the long-term implications of biometric data usage are emerging while significant discussion points""""\n    }\n]"
"row66","the advancement of predictive analytics tools","businesses are better equipped to anticipate market shifts and disruptions in the supply chain","<think>\n{""""cause"""": """"the advancement of predictive analytics tools"""", """"effect"""": """"businesses are better equipped to anticipate market shifts and disruptions in the supply chain""""}"
"row67","The widespread adoption of cloud storage solutions","organizations are also confronted with questions about security, data management, and long-term sustainability","<think>\n{""""cause"""": """"The widespread adoption of cloud storage solutions"""", """"effect"""": """"organizations are also confronted with questions about security, data management, and long-term sustainability""""}"
"row68","Regulatory pressures on social media platforms","calls for more transparent content moderation practices","<think>\n{""""cause"""": """"Regulatory pressures on social media platforms"""", """"effect"""": """"calls for more transparent content moderation practices""""}"
"row69","integrating SDN with legacy systems","organizations are still navigating the complexities","<think>\n{""""cause"""": """"integrating SDN with legacy systems"""", """"effect"""": """"organizations are still navigating the complexities""""}"
"row70","the demand for cloud services and digital infrastructure grows","the energy consumption of data centers","<think>\n{""""cause"""": """"the demand for cloud services and digital infrastructure grows"""", """"effect"""": """"the energy consumption of data centers""""}"
"row71","the logistical and regulatory challenges associated with large-scale drone operations","raise questions about their widespread adoption","<think>\n{""""cause"""": """"the logistical and regulatory challenges associated with large-scale drone operations"""", """"effect"""": """"raise questions about their widespread adoption""""}"
"row72","the quality of care and the infrastructure needed for effective telemedicine","critical points of evaluation","<think>\n{""""cause"""": """"the quality of care and the infrastructure needed for effective telemedicine"""", """"effect"""": """"critical points of evaluation""""}"
"row73","the growth of open-source software","innovation by allowing collaborative development across various tech communities","<think>\n[\n{\n  """"cause"""": """"the growth of open-source software"""",\n  """"effect"""": """"innovation by allowing collaborative development across various tech communities""""\n}\n]"
"row74","the demand for even faster and more specialized hardware","continues to push the boundaries of current GPU technology","<think>\n{""""cause"""": """"the demand for even faster and more specialized hardware"""", """"effect"""": """"continues to push the boundaries of current GPU technology""""}"
"row75","their adoption grows","companies are realizing the potential for increased efficiency","<think>\n{""""cause"""": """"their adoption grows"""", """"effect"""": """"companies are realizing the potential for increased efficiency""""}"
"row76","data security becomes a higher priority","mobile devices are adopting stronger encryption methods to safeguard user information","<think>\n{""""cause"""": """"data security becomes a higher priority"""", """"effect"""": """"mobile devices are adopting stronger encryption methods to safeguard user information""""}"
